<?xml version="1.0" encoding="UTF-8"?>
<project-private xmlns="http://www.netbeans.org/ns/project-private/1">
    <editor-bookmarks xmlns="http://www.netbeans.org/ns/editor-bookmarks/2" lastBookmarkId="0"/>
    <open-files xmlns="http://www.netbeans.org/ns/projectui-open-files/2">
        <group>
            <file>file:/C:/Users/rfcla/OneDrive/Documents/NetBeansProjects/Advanced%20A1/src/java/controller/ProcessOrder.java</file>
            <file>file:/C:/Users/rfcla/OneDrive/Documents/NetBeansProjects/Advanced%20A1/web/showMonitors.jsp</file>
            <file>file:/C:/Users/rfcla/OneDrive/Documents/NetBeansProjects/Advanced%20A1/web/orderComplete.jsp</file>
            <file>file:/C:/Users/rfcla/OneDrive/Documents/NetBeansProjects/Advanced%20A1/web/checkout.jsp</file>
            <file>file:/C:/Users/rfcla/OneDrive/Documents/NetBeansProjects/Advanced%20A1/src/java/controller/LoadCatalog.java</file>
        </group>
    </open-files>
</project-private>
